Username,Followers,GitHub Profile
devefy,1540,https://github.com/devefy
Solomonkassa,1029,https://github.com/Solomonkassa
TadesseDev,543,https://github.com/TadesseDev
codingWithElias,485,https://github.com/codingWithElias
ElshadaiK,389,https://github.com/ElshadaiK
Yidnekachew-cmd,304,https://github.com/Yidnekachew-cmd
Dagic-zewdu,237,https://github.com/Dagic-zewdu
DemisoDaba,191,https://github.com/DemisoDaba
abduadem,174,https://github.com/abduadem
brookmg,172,https://github.com/brookmg
abela12,156,https://github.com/abela12
cherelemma,150,https://github.com/cherelemma
kirubel-web,145,https://github.com/kirubel-web
lijnati,138,https://github.com/lijnati
Micky373,136,https://github.com/Micky373
SamAsEnd,124,https://github.com/SamAsEnd
Abdulfetahjemal,116,https://github.com/Abdulfetahjemal
Jemal-Tilahun,109,https://github.com/Jemal-Tilahun
abuti,109,https://github.com/abuti
tariktesfa,105,https://github.com/tariktesfa
ZewdieMc,103,https://github.com/ZewdieMc
betsegawlemma,100,https://github.com/betsegawlemma
IsraelAbebe,96,https://github.com/IsraelAbebe
ezedinff,93,https://github.com/ezedinff
Henok-Belachew,91,https://github.com/Henok-Belachew
Abdesol,91,https://github.com/Abdesol
tsega,90,https://github.com/tsega
sentayhu19,89,https://github.com/sentayhu19
Eze-Din,88,https://github.com/Eze-Din
Bushra-KB,87,https://github.com/Bushra-KB
IamYunusAli,84,https://github.com/IamYunusAli
meherett,84,https://github.com/meherett
yayner2002,83,https://github.com/yayner2002
frectonz,82,https://github.com/frectonz
nabiloo19,77,https://github.com/nabiloo19
Yidne21,75,https://github.com/Yidne21
AbelG101,74,https://github.com/AbelG101
baydisng13,74,https://github.com/baydisng13
eyobofficial,73,https://github.com/eyobofficial
YohannesTz,73,https://github.com/YohannesTz
mubareksd,73,https://github.com/mubareksd
wuletawwonte,73,https://github.com/wuletawwonte
saminegash1,72,https://github.com/saminegash1
elias8,72,https://github.com/elias8
abdimk,70,https://github.com/abdimk
amejid,69,https://github.com/amejid
miki-tebe,67,https://github.com/miki-tebe
Kumilachew-g,66,https://github.com/Kumilachew-g
Grace-Amondi,65,https://github.com/Grace-Amondi
erick-otenyo,65,https://github.com/erick-otenyo
AbigiyaTY,65,https://github.com/AbigiyaTY
mukerem,65,https://github.com/mukerem
teddy004,64,https://github.com/teddy004
Besufikad17,64,https://github.com/Besufikad17
Addis-Belete,64,https://github.com/Addis-Belete
Besufekad-HAZ,63,https://github.com/Besufekad-HAZ
Fraol123,63,https://github.com/Fraol123
dagmawibabi,63,https://github.com/dagmawibabi
Bereket-G,62,https://github.com/Bereket-G
AbrahaKahsay,61,https://github.com/AbrahaKahsay
CakeInTech,60,https://github.com/CakeInTech
Abenezer-Tilahun,60,https://github.com/Abenezer-Tilahun
BitcoinBirr,57,https://github.com/BitcoinBirr
worashf,57,https://github.com/worashf
dagiopia,57,https://github.com/dagiopia
Infinidrix,57,https://github.com/Infinidrix
binhussen,56,https://github.com/binhussen
melashu,56,https://github.com/melashu
zhudiana,55,https://github.com/zhudiana
enariyah,54,https://github.com/enariyah
kibrug,54,https://github.com/kibrug
DaniDPX,54,https://github.com/DaniDPX
abrehamgezahegn,54,https://github.com/abrehamgezahegn
Dagimassefa,54,https://github.com/Dagimassefa
nathenapse,53,https://github.com/nathenapse
yodit93,53,https://github.com/yodit93
Kakuye,52,https://github.com/Kakuye
Redi22,52,https://github.com/Redi22
dKibru,52,https://github.com/dKibru
zmekonnen251,51,https://github.com/zmekonnen251
ffekirnew,51,https://github.com/ffekirnew
0xecho,51,https://github.com/0xecho
AmanWorku,50,https://github.com/AmanWorku
yonas44,50,https://github.com/yonas44
kalkidan999,50,https://github.com/kalkidan999
zewdu444,49,https://github.com/zewdu444
Mikearaya,49,https://github.com/Mikearaya
mikiastilahun,48,https://github.com/mikiastilahun
gtekle,48,https://github.com/gtekle
Lul-Abdifan,48,https://github.com/Lul-Abdifan
babasaraki,47,https://github.com/babasaraki
nebiyuelias1,46,https://github.com/nebiyuelias1
ErmiyasAbate,46,https://github.com/ErmiyasAbate
michael-duke,46,https://github.com/michael-duke
Addisu87,45,https://github.com/Addisu87
zdnahom,45,https://github.com/zdnahom
dawit2123,45,https://github.com/dawit2123
brhanuhailu,45,https://github.com/brhanuhailu
kal2944,44,https://github.com/kal2944
The-Normal-One1,44,https://github.com/The-Normal-One1
